{"edge_check_arr": [1, 2, 3, 4, 5, 6, 7, 8, 9, 10, 11, 12, 13, 14, 15, 16, 17, 18, 19, 20, 21, 22, 23, 24, 25, 26, 27, 28, 29, 30, 31, 32, 33, 34, 35, 36, 37, 38, 39, 40, 41, 42, 43, 44, 45, 46, 47, 48, 49, 50, 51, 52, 53, 54, 55, 56, 57, 58, 59, 60, 61, 62, 63, 64, 65, 66, 67, 68, 69, 70, 71, 72, 73, 74, 75, 76, 77, 78, 79, 80, 81, 82, 83, 84, 85, 86, 87, 88, 89, 90, 91, 92, 93, 94, 95, 96, 97, 98, 99, 100, 101, 102, 103, 104, 105, 106, 107, 108, 109, 110, 111, 112, 113, 114, 115, 116, 117, 118, 119, 120, 121, 122, 123, 124, 125, 126, 127, 128, 129, 130, 131, 132, 133, 134, 135, 136, 137, 138, 139, 140, 141, 142, 143, 144, 145, 146, 147, 148, 149, 150, 151, 152, 153, 154, 155, 156, 157, 158, 159, 160, 161, 162, 163, 164, 165, 166, 167, 168, 169, 170, 171, 172, 173, 174, 175, 176, 177, 178, 179, 180, 181, 182, 183, 184, 185, 186, 187, 188, 189, 190, 191, 192, 193, 194, 195, 196, 197, 198, 199, 200, 201, 202, 203, 204, 205, 206, 207, 208, 209, 210, 211, 212, 213, 214, 215, 216, 217, 218, 219, 220, 221, 222, 223, 224, 225, 226, 227, 228, 229, 230, 231], "invalid_check_arr": [0, 1, 1, 2, 3, 3, 4, 4, 4, 4, 5, 6, 7, 8, 9, 10, 11, 12, 13, 13, 14, 15, 16, 17, 18, 19, 20, 21, 21, 22, 23, 24, 25, 26, 27, 28, 29, 30, 31, 31, 32, 33, 34, 35, 35, 35, 36, 36, 37, 38, 39, 40, 41, 42, 43, 43, 44, 44, 44, 45, 45, 46, 47, 48, 48, 49, 50, 50, 50, 51, 52, 53, 54, 55, 56, 56, 57, 58, 59, 60, 61, 62, 63, 63, 64, 65, 66, 66, 67, 68, 69, 70, 71, 72, 73, 74, 75, 76, 77, 78, 79, 80, 81, 82, 82, 83, 84, 85, 85, 86, 87, 88, 88, 89, 90, 90, 91, 92, 93, 94, 94, 94, 95, 96, 97, 98, 99, 100, 101, 102, 103, 104, 105, 106, 106, 107, 108, 108, 109, 110, 111, 112, 113, 114, 115, 116, 117, 118, 119, 120, 121, 122, 123, 123, 124, 124, 125, 125, 126, 127, 127, 128, 129, 130, 130, 131, 132, 133, 134, 135, 136, 137, 138, 138, 139, 140, 141, 142, 143, 144, 145, 146, 147, 148, 149, 150, 151, 152, 153, 154, 154, 155, 156, 157, 158, 159, 160, 161, 162, 163, 164, 165, 166, 167, 168, 169, 170, 171, 172, 173, 174, 175, 176, 177, 178, 179, 180, 181, 182, 183, 184, 184, 185, 186, 187, 187, 187, 187, 187, 187, 187], "sp_len": [1.2618920000000002, 1.268366, 1.268366, 1.268661, 1.272469, 1.272469, 1.274556, 1.274556, 1.274556, 1.274556, 1.2750920000000001, 1.278986, 1.2822550000000001, 1.286744, 1.289493, 1.303974, 1.3151259999999998, 1.3175750000000002, 1.32826, 1.32826, 1.330798, 1.334541, 1.336474, 1.344051, 1.344695, 1.348449, 1.354319, 1.354638, 1.354638, 1.35469, 1.363978, 1.369019, 1.3804630000000002, 1.38233, 1.3845200000000002, 1.3881770000000002, 1.3893820000000001, 1.4003740000000002, 1.403702, 1.403702, 1.404375, 1.407229, 1.4075830000000003, 1.4080720000000002, 1.4080720000000002, 1.4080720000000002, 1.409669, 1.409669, 1.4119700000000002, 1.419216, 1.4196900000000001, 1.4202460000000001, 1.421414, 1.423355, 1.423728, 1.423728, 1.4248670000000003, 1.4248670000000003, 1.4248670000000003, 1.426475, 1.426475, 1.426485, 1.426631, 1.4281920000000001, 1.4281920000000001, 1.428311, 1.4283870000000003, 1.4283870000000003, 1.4283870000000003, 1.4315710000000001, 1.4316790000000001, 1.432166, 1.4323460000000001, 1.4357670000000002, 1.4371680000000002, 1.4371680000000002, 1.4383540000000001, 1.4397000000000002, 1.441174, 1.444545, 1.452115, 1.452853, 1.4535360000000002, 1.4535360000000002, 1.455538, 1.459823, 1.460871, 1.460871, 1.4618760000000002, 1.462948, 1.4634580000000001, 1.46371, 1.466595, 1.470321, 1.4711180000000001, 1.471149, 1.471386, 1.478641, 1.479782, 1.4809050000000001, 1.4818009999999997, 1.4834429999999998, 1.485102, 1.4877989999999999, 1.4877989999999999, 1.4885780000000002, 1.4887979999999998, 1.492377, 1.492377, 1.494162, 1.4966760000000001, 1.496812, 1.496812, 1.497496, 1.4979129999999998, 1.4979129999999998, 1.499287, 1.5029109999999999, 1.503312, 1.50344, 1.50344, 1.50344, 1.503601, 1.503686, 1.504182, 1.508086, 1.5081549999999997, 1.508504, 1.511447, 1.515298, 1.515727, 1.5173990000000002, 1.519336, 1.5204, 1.5204, 1.520681, 1.523683, 1.523683, 1.523925, 1.525361, 1.52968, 1.533767, 1.538103, 1.5389479999999998, 1.539571, 1.5400049999999998, 1.5406419999999998, 1.541407, 1.547028, 1.5489179999999998, 1.549478, 1.549901, 1.550872, 1.550872, 1.551289, 1.551289, 1.554337, 1.554337, 1.5571139999999999, 1.5582200000000002, 1.5582200000000002, 1.5583210000000003, 1.560257, 1.564773, 1.564773, 1.5649840000000002, 1.566052, 1.566837, 1.5674029999999999, 1.567982, 1.569451, 1.570024, 1.571025, 1.571025, 1.571754, 1.5722639999999997, 1.572344, 1.5723569999999998, 1.5773960000000002, 1.5872199999999999, 1.588002, 1.595868, 1.602802, 1.6041990000000002, 1.605853, 1.6059200000000002, 1.6061750000000001, 1.609136, 1.612835, 1.620023, 1.620023, 1.6208339999999999, 1.624901, 1.6268289999999999, 1.6392859999999998, 1.6445819999999998, 1.648013, 1.652115, 1.6524720000000002, 1.6531080000000002, 1.6573440000000002, 1.658751, 1.6687260000000002, 1.673183, 1.6754330000000004, 1.6815719999999998, 1.6826519999999998, 1.6861020000000004, 1.6862610000000002, 1.6894150000000003, 1.6956630000000001, 1.69948, 1.712172, 1.7137520000000002, 1.719251, 1.722966, 1.7233770000000002, 1.745557, 1.7487560000000002, 1.7495180000000001, 1.7546530000000002, 1.7546530000000002, 1.7726570000000001, 1.781274, 1.782352, 1.782352, 1.782352, 1.782352, 1.782352, 1.782352, 1.782352]}