{"edge_check_arr": [1, 2, 3, 4, 5, 6, 7, 8, 9, 10, 11, 12, 13, 14, 15, 16, 17, 18, 19, 20, 21, 22, 23, 24, 25, 26, 27, 28, 29, 30, 31, 32, 33, 34, 35, 36, 37, 38, 39, 40, 41, 42, 43, 44, 45, 46, 47, 48, 49, 50, 51, 52, 53, 54, 55, 56, 57, 58, 59, 60, 61, 62, 63, 64, 65, 66, 67, 68, 69, 70, 71, 72, 73, 74, 75, 76, 77, 78, 79, 80, 81, 82, 83, 84, 85, 86, 87, 88, 89, 90, 91, 92, 93, 94, 95, 96, 97, 98, 99, 100, 101, 102, 103, 104, 105, 106, 107, 108, 109, 110, 111, 112, 113, 114, 115, 116, 117, 118, 119, 120, 121, 122, 123, 124, 125, 126, 127, 128, 129, 130, 131, 132, 133, 134, 135, 136, 137, 138, 139, 140, 141, 142, 143, 144, 145, 146, 147, 148, 149, 150, 151, 152, 153, 154, 155, 156, 157, 158, 159], "invalid_check_arr": [1, 2, 3, 4, 5, 6, 7, 7, 7, 7, 8, 9, 10, 11, 12, 13, 14, 15, 16, 17, 18, 19, 20, 21, 22, 23, 24, 25, 26, 27, 28, 29, 30, 31, 32, 33, 34, 35, 36, 37, 38, 39, 40, 41, 42, 43, 44, 45, 46, 47, 48, 49, 50, 51, 52, 53, 54, 55, 56, 57, 58, 59, 60, 61, 62, 63, 64, 65, 66, 67, 68, 69, 70, 71, 72, 73, 74, 75, 76, 77, 78, 79, 80, 81, 82, 83, 84, 85, 86, 87, 88, 89, 90, 91, 92, 93, 94, 95, 96, 97, 98, 99, 100, 101, 102, 103, 104, 105, 106, 107, 108, 109, 110, 111, 112, 113, 114, 115, 116, 117, 118, 119, 120, 121, 122, 123, 124, 125, 126, 127, 128, 129, 130, 131, 132, 133, 134, 135, 136, 137, 138, 139, 140, 141, 142, 143, 144, 145, 146, 147, 148, 148, 148, 148, 148, 148, 148, 148, 148], "sp_len": [1.2621870000000002, 1.265995, 1.2679230000000001, 1.268288, 1.2720390000000001, 1.2860330000000002, 1.2903449999999999, 1.2903449999999999, 1.2903449999999999, 1.2903449999999999, 1.301997, 1.3060070000000001, 1.306186, 1.31264, 1.3151259999999998, 1.3175750000000002, 1.3192270000000001, 1.319662, 1.3203390000000002, 1.322691, 1.3275770000000002, 1.330798, 1.334541, 1.344051, 1.344695, 1.3504019999999999, 1.354319, 1.357855, 1.3804630000000002, 1.382068, 1.3823159999999999, 1.389423, 1.389951, 1.3904500000000002, 1.392722, 1.3945149999999997, 1.398669, 1.400357, 1.4003740000000002, 1.400731, 1.4007409999999998, 1.402118, 1.404381, 1.4046349999999999, 1.407229, 1.40789, 1.413161, 1.413704, 1.417548, 1.419216, 1.42229, 1.425634, 1.4258560000000002, 1.4315710000000001, 1.431679, 1.4321810000000001, 1.436073, 1.438941, 1.43901, 1.4417159999999998, 1.449987, 1.450118, 1.452843, 1.45608, 1.456183, 1.457527, 1.461151, 1.4615520000000002, 1.463676, 1.4663730000000001, 1.466505, 1.4667620000000001, 1.4677660000000001, 1.4737729999999998, 1.4784320000000002, 1.486195, 1.4885780000000002, 1.489529, 1.489946, 1.4978630000000002, 1.4979010000000001, 1.499727, 1.4999600000000002, 1.5001190000000002, 1.5001879999999999, 1.500537, 1.504854, 1.504966, 1.509233, 1.509808, 1.5105330000000001, 1.5108300000000001, 1.5108309999999998, 1.5139960000000001, 1.5188540000000001, 1.518947, 1.5199120000000002, 1.5232459999999999, 1.5235310000000002, 1.528376, 1.5300749999999999, 1.5309199999999998, 1.53098, 1.532614, 1.53476, 1.537328, 1.5408899999999999, 1.5418729999999998, 1.542119, 1.5445330000000002, 1.5486190000000004, 1.5493670000000002, 1.5516649999999998, 1.55666, 1.559375, 1.5600689999999997, 1.5621219999999998, 1.5642359999999997, 1.5702429999999998, 1.5768170000000001, 1.579744, 1.57976, 1.580301, 1.5840260000000002, 1.584286, 1.588664, 1.591838, 1.5977990000000002, 1.6025639999999999, 1.603803, 1.6212560000000003, 1.6339520000000003, 1.644259, 1.650032, 1.6790289999999999, 1.688025, 1.690505, 1.690613, 1.691061, 1.691061, 1.708854, 1.713562, 1.715045, 1.71773, 1.7203339999999998, 1.7251249999999998, 1.7430970000000001, 1.754569, 1.765186, 1.77442, 1.782352, 1.782352, 1.782352, 1.782352, 1.782352, 1.782352, 1.782352, 1.782352, 1.782352]}